{"swagger":"2.0","info":{"title":"Echo API","description":"Echoes back the full HTTP request as JSON. Used to verify VNet tunnel connectivity from Power Platform.","version":"1.0"},"host":"10.123.2.4:8080","basePath":"/","schemes":["http"],"consumes":["application/json"],"produces":["application/json"],"paths":{"/":{"post":{"summary":"Echo HTTP request","description":"Returns a JSON object reflecting the incoming request — path, method, headers, query, and body.","operationId":"echoHttpPost","parameters":[{"name":"Content-Type","in":"header","required":false,"type":"string"},{"name":"body","in":"body","required":false,"schema":{"type":"object","additionalProperties":true}}],"responses":{"200":{"description":"Echoed request details","schema":{"type":"object","properties":{"method":{"type":"string","example":"POST"},"path":{"type":"string","example":"/"},"headers":{"type":"object","additionalProperties":{"type":"string"}},"query":{"type":"object","additionalProperties":{"type":"string"}},"body":{"type":"string"},"hostname":{"type":"string"},"ip":{"type":"string"}}}}}}}},"definitions":{},"parameters":{},"responses":{},"security":[],"tags":[],"securityDefinitions":{}}