{
  "properties": {
    "connectionReferences": {},
    "definition": {
      "$schema": "https://schema.management.azure.com/providers/Microsoft.Logic/schemas/2016-06-01/workflowdefinition.json#",
      "contentVersion": "1.0.0.0",
      "parameters": {
        "$authentication": {
          "defaultValue": {},
          "type": "SecureObject"
        },
        "AzureFunctionBaseUrl (dm_AzureFunctionBaseUrl)": {
          "defaultValue": "https://azppf-echo-fn.azurewebsites.net/api/echo",
          "type": "String",
          "metadata": {
            "schemaName": "dm_AzureFunctionBaseUrl"
          }
        }
      },
      "triggers": {
        "manual": {
          "metadata": {
            "operationMetadataId": "fc11fb2c-266f-42fb-8b1f-82811c59539b"
          },
          "type": "Request",
          "kind": "PowerAppV2",
          "inputs": {
            "schema": {
              "type": "object",
              "properties": {
                "text": {
                  "title": "message",
                  "type": "string",
                  "x-ms-dynamically-added": true,
                  "description": "Please enter your input",
                  "x-ms-content-hint": "TEXT"
                }
              },
              "required": [
                "text"
              ]
            }
          }
        }
      },
      "actions": {
        "HTTP": {
          "runAfter": {},
          "metadata": {
            "operationMetadataId": "8e5f6e0e-f835-4d17-8389-a616c40ba127"
          },
          "type": "Http",
          "inputs": {
            "method": "POST",
            "uri": "@parameters('AzureFunctionBaseUrl (dm_AzureFunctionBaseUrl)')",
            "headers": {
              "Content-Type": "text/plain"
            },
            "body": "@triggerBody()['text']"
          }
        },
        "Respond_to_a_Power_App_or_flow": {
          "runAfter": {
            "HTTP": [
              "Succeeded"
            ]
          },
          "metadata": {
            "operationMetadataId": "a07da38a-b2fb-48d2-ab6b-609485a8e50e"
          },
          "type": "Response",
          "kind": "PowerApp",
          "inputs": {
            "statusCode": 200,
            "body": {
              "response": "@{body('HTTP')}"
            },
            "schema": {
              "type": "object",
              "properties": {
                "response": {
                  "title": "response",
                  "x-ms-dynamically-added": true,
                  "type": "string"
                }
              }
            }
          }
        }
      }
    },
    "templateName": ""
  },
  "schemaVersion": "1.0.0.0"
}