{
  "properties": {
    "connectionReferences": {
      "shared_dm-5fechohttpapiconnector-5f31c7519708e95ffc": {
        "runtimeSource": "invoker",
        "connection": {
          "connectionReferenceLogicalName": "new_shareddm5fechohttpapiconnector5f31c7519708e95ffc_e6d52"
        },
        "api": {
          "name": "shared_dm-5fechohttpapiconnector-5f31c7519708e95ffc",
          "logicalName": "dm_5Fechohttpapiconnector"
        }
      }
    },
    "definition": {
      "$schema": "https://schema.management.azure.com/providers/Microsoft.Logic/schemas/2016-06-01/workflowdefinition.json#",
      "contentVersion": "1.0.0.0",
      "parameters": {
        "$authentication": {
          "defaultValue": {},
          "type": "SecureObject"
        },
        "$connections": {
          "defaultValue": {},
          "type": "Object"
        }
      },
      "triggers": {
        "manual": {
          "metadata": {
            "operationMetadataId": "fc11fb2c-266f-42fb-8b1f-82811c59539b"
          },
          "type": "Request",
          "kind": "PowerAppV2",
          "inputs": {
            "schema": {
              "type": "object",
              "properties": {
                "text": {
                  "title": "message",
                  "type": "string",
                  "x-ms-dynamically-added": true,
                  "description": "Please enter your input",
                  "x-ms-content-hint": "TEXT"
                }
              },
              "required": [
                "text"
              ]
            }
          }
        }
      },
      "actions": {
        "Respond_to_a_Power_App_or_flow": {
          "runAfter": {
            "Parse_JSON": [
              "Succeeded"
            ]
          },
          "metadata": {
            "operationMetadataId": "a07da38a-b2fb-48d2-ab6b-609485a8e50e"
          },
          "type": "Response",
          "kind": "PowerApp",
          "inputs": {
            "schema": {
              "type": "object",
              "properties": {
                "response": {
                  "title": "response",
                  "x-ms-dynamically-added": true,
                  "type": "string"
                }
              },
              "additionalProperties": {}
            },
            "statusCode": 200,
            "body": {
              "response": "@{body('Parse_JSON')?['msg']}"
            }
          }
        },
        "Echo_HTTP_request": {
          "runAfter": {},
          "type": "OpenApiConnection",
          "inputs": {
            "parameters": {
              "Content-Type": "application/json",
              "body": {
                "msg": "@triggerBody()?['text']"
              }
            },
            "host": {
              "apiId": "",
              "operationId": "echoHttpPost",
              "connectionName": "shared_dm-5fechohttpapiconnector-5f31c7519708e95ffc"
            }
          }
        },
        "Parse_JSON": {
          "runAfter": {
            "Echo_HTTP_request": [
              "Succeeded"
            ]
          },
          "type": "ParseJson",
          "inputs": {
            "content": "@outputs('Echo_HTTP_request')?['body/body']",
            "schema": {
              "type": "object",
              "properties": {
                "msg": {
                  "type": "string"
                }
              }
            }
          }
        }
      }
    },
    "templateName": null
  },
  "schemaVersion": "1.0.0.0"
}