<ImportExportXml xmlns:xsi="http://www.w3.org/2001/XMLSchema-instance" OrganizationVersion="9.2.26014.152" OrganizationSchemaType="Standard" CRMServerServiceabilityVersion="9.2.26021.00144">
  <Entities></Entities>
  <Roles></Roles>
  <Workflows>
    <Workflow WorkflowId="{b896235f-680d-f111-8341-002248efd25e}" Name="HttpEchoAPIl">
      <JsonFileName>/Workflows/HttpEchoAPIl-B896235F-680D-F111-8341-002248EFD25E.json</JsonFileName>
      <Type>1</Type>
      <Subprocess>0</Subprocess>
      <Category>5</Category>
      <Mode>0</Mode>
      <Scope>4</Scope>
      <OnDemand>0</OnDemand>
      <TriggerOnCreate>0</TriggerOnCreate>
      <TriggerOnDelete>0</TriggerOnDelete>
      <AsyncAutodelete>0</AsyncAutodelete>
      <SyncWorkflowLogOnFailure>0</SyncWorkflowLogOnFailure>
      <StateCode>1</StateCode>
      <StatusCode>2</StatusCode>
      <RunAs>1</RunAs>
      <IsTransacted>1</IsTransacted>
      <IntroducedVersion>1.0.0.0</IntroducedVersion>
      <IsCustomizable>1</IsCustomizable>
      <IsCustomProcessingStepAllowedForOtherPublishers>1</IsCustomProcessingStepAllowedForOtherPublishers>
      <ModernFlowType>0</ModernFlowType>
      <PrimaryEntity>none</PrimaryEntity>
      <LocalizedNames>
        <LocalizedName languagecode="1033" description="HttpEchoAPIl" />
      </LocalizedNames>
    </Workflow>
  </Workflows>
  <FieldSecurityProfiles></FieldSecurityProfiles>
  <Templates />
  <EntityMaps />
  <EntityRelationships />
  <OrganizationSettings />
  <optionsets />
  <CustomControls />
  <EntityDataProviders />
  <CanvasApps>
    <CanvasApp>
      <Name>dm_helloazure_fdc80</Name>
      <AppVersion>2026-02-20T03:03:21Z</AppVersion>
      <Status>Ready</Status>
      <CreatedByClientVersion>3.26014.7.0</CreatedByClientVersion>
      <MinClientVersion>3.26014.7.0</MinClientVersion>
      <Tags>{"primaryDeviceWidth":"500","primaryDeviceHeight":"350","supportsPortrait":"true","supportsLandscape":"false","primaryFormFactor":"Tablet","showStatusBar":"false","publisherVersion":"3.26014.7","minimumRequiredApiVersion":"2.2.0","hasComponent":"false","hasUnlockedComponent":"false","isUnifiedRootApp":"false","sienaVersion":"20260219T074947Z-3.26014.7.0"}</Tags>
      <IsCdsUpgraded>0</IsCdsUpgraded>
      <GalleryItemId xsi:nil="true"></GalleryItemId>
      <BackgroundColor>RGBA(0,176,240,1)</BackgroundColor>
      <DisplayName>Hello Azure</DisplayName>
      <Description></Description>
      <CommitMessage></CommitMessage>
      <Publisher></Publisher>
      <AuthorizationReferences>[]</AuthorizationReferences>
      <ConnectionReferences>{"97294eae-27ab-47c1-aafa-9cca759906b9":{"id":"/providers/microsoft.powerapps/apis/shared_logicflows","displayName":"Logic flows","iconUri":"https://conn-afd-prod-endpoint-bmc9bqahasf3grgk.b01.azurefd.net/v1.0.1774/1.0.1774.4397/logicflows/icon.png","dataSources":["PowerAppV2-&gt;HTTP,RespondtoaPowerApporflow"],"dependencies":[],"dependents":[],"parameterHints":{"workflowName":{"value":"d147cfa7-430f-48dc-a9f2-8df45e4e693e"},"workflowEntityId":{},"workflowDisplayName":{"value":"HttpEchoAPIl"}},"parameterHintsV2":{"workflowName":{"value":"d147cfa7-430f-48dc-a9f2-8df45e4e693e"},"workflowEntityId":{},"workflowDisplayName":{"value":"HttpEchoAPIl"}},"isOnPremiseConnection":false,"bypassConsent":false,"dataSets":{},"apiTier":"Standard","actions":["Run"]}}</ConnectionReferences>
      <DatabaseReferences>{}</DatabaseReferences>
      <AppComponents>[]</AppComponents>
      <AppComponentDependencies>[]</AppComponentDependencies>
      <CanConsumeAppPass>1</CanConsumeAppPass>
      <CanvasAppType>0</CanvasAppType>
      <BypassConsent>0</BypassConsent>
      <EmbeddedApp xsi:nil="true"></EmbeddedApp>
      <IntroducedVersion>1.0</IntroducedVersion>
      <CdsDependencies>{"cdsdependencies":[]}</CdsDependencies>
      <IsCustomizable>1</IsCustomizable>
      <BackgroundImageUri>/CanvasApps/dm_helloazure_fdc80_BackgroundImageUri</BackgroundImageUri>
      <DocumentUri>/CanvasApps/dm_helloazure_fdc80_DocumentUri.msapp</DocumentUri>
      <AdditionalUris>
        <AdditionalUri>/CanvasApps/dm_helloazure_fdc80_AdditionalUris0_identity.json</AdditionalUri>
      </AdditionalUris>
    </CanvasApp>
  </CanvasApps>
  <Connectors>
    <Connector>
      <connectorid>c233e2fa-83a1-4e85-813e-305fee0a8168</connectorid>
      <description>Echoes back the full HTTP request as JSON. Used to verify VNet tunnel connectivity from Power Platform.</description>
      <displayname>echoHttpAPIConnector</displayname>
      <iconbrandcolor>#007ee5</iconbrandcolor>
      <name>dm_5Fechohttpapiconnector</name>
      <connectortype>1</connectortype>
      <openapidefinition>/Connector/dm_5Fechohttpapiconnector_openapidefinition.json</openapidefinition>
      <connectionparameters>/Connector/dm_5Fechohttpapiconnector_connectionparameters.json</connectionparameters>
      <policytemplateinstances>/Connector/dm_5Fechohttpapiconnector_policytemplateinstances.json</policytemplateinstances>
      <iconblob>/Connector/dm_5Fechohttpapiconnector_iconblob.Png</iconblob>
    </Connector>
  </Connectors>
  <connectionreferences>
    <connectionreference connectionreferencelogicalname="new_shareddm5fechohttpapiconnector5f31c7519708e95ffc_e6d52">
      <connectionreferencedisplayname>echoHttpAPIConnector</connectionreferencedisplayname>
      <connectorid>/providers/Microsoft.PowerApps/apis/shared_dm-5fechohttpapiconnector-5f31c7519708e95ffc</connectorid>
      <customconnectorid>
        <connectorid>c233e2fa-83a1-4e85-813e-305fee0a8168</connectorid>
      </customconnectorid>
      <iscustomizable>1</iscustomizable>
      <promptingbehavior>0</promptingbehavior>
      <statecode>0</statecode>
      <statuscode>1</statuscode>
    </connectionreference>
  </connectionreferences>
  <Languages>
    <Language>1033</Language>
  </Languages>
</ImportExportXml>